Company Name,Type,Tier,Zone,Address,Est. Employees,Decision Maker Name,Title,Phone,Email,Outreach Channel,Source,Notes,Status
,,,,,,,,,,,,,,
=== TIER A - HIGH PRIORITY TARGETS (43 accounts) ===,,,,,,,,,,,,,,
,,,,,,,,,,,,,,
--- Tier A: Cold Email Ready (38 accounts) ---,,,,,,,,,,,,,,
MEP Technologies,Metal Fabrication,A,Laval,"3100 Peugeot, Laval QC H7L 5C6",350,,,"(450) 682-0804",info@meptec.com,Cold Email,Web Research,ISO 9001. High precision sheet metal. Medical and high-tech sectors.,Not Contacted
Industrie Lemieux,Metal Fabrication,A,South Shore,"1401 Graham-Bell St, Boucherville QC J4B 6A1",150+,,,"(450) 441-4490",info@indlemieux.com,Cold Email,Web Research,35+ years. Steel and stainless fabrication. Welding and machining. Dual facility.,Not Contacted
Groupe GMW,Metal Fabrication,A,West Island,"20425 Clark Graham Ave, Baie-d'Urfe QC H9X 3T5",51-200,,Purchasing,"(514) 481-7725",dpapis@gmw.ca,Cold Email,Web Research,Est. 1935. Precision laser cutting and sheet metal. Robotic bending/welding.,Not Contacted
Robert Mitchell Inc,Metal Fabrication,A,Montreal,"350 Bd Decarie, Saint-Laurent QC H4L 0B4",50+,,,"(514) 747-2471",info@robertmitchell.com,Cold Email,Web Research,"Est. 1851. 75,000 sq ft. Steel/stainless/aluminum assemblies.",Not Contacted
GFI (Thomas & Betts),Metal Fabrication,A,West Island,"180 av Labrosse, Pointe-Claire QC H9R 1A1",50+,Bane Todorovic,Manager,"(514) 630-4877",bane.todorovic@tnb.com,Cold Email,Web Research,"Est. 1953. 120,000 sq ft. Custom metal manufacturing. ABB parent.",Not Contacted
Avior Integrated Products,Aerospace Supplier,A,Laval,"1001 Desserte Nord A-440, Laval QC H7L 3W3",200+,Stephen Kearns,President/CEO,"(450) 629-6200",rh_laval@avior.ca,Cold Email,Web Research,"Aerospace. 150,000 sq ft. Sheet metal. Boeing/Airbus approved.",Not Contacted
NSE Automatech,Machine Shop,A,Montreal,"1560 Rue Beaulac, Saint-Laurent QC H4R 1W8",51-200,,,"(514) 335-5205",info@nse-automatech.com,Cold Email,Web Research,High precision aerospace machining. AS9100 certified.,Not Contacted
DDR-GTCA,Machine Shop,A,Montreal,"1215 Montee de Liesse, Saint-Laurent QC H4S 1J7",25-50,Daniel Nimijean,Owner/President,"(514) 335-4177",info@ddrgtca.ca,Cold Email,Web Research,"35,000 sq ft. Precision machining and sheet metal. 25+ years.",Not Contacted
Mitchell Aerospace,Aerospace Supplier,A,Montreal,"350 Bd Decarie, Saint-Laurent QC H4L 0B4",150,,,"(514) 748-3447",info@mitchellaerospace.com,Cold Email,Web Research,Precision light alloy casting. Aluminum/Magnesium. Foundrion Group.,Not Contacted
Aerolia/Stelia Aerospace,Aerospace Supplier,A,Montreal,"18105 rue J-A Bombardier, Mirabel QC J7J 0E7",100+,,,"(450) 433-1238",sales.sna@stelia-northamerica.com,Cold Email,Web Research,Aerospace structures. Global 7500 fuselage assembly.,Not Contacted
Heroux-Devtek,Aerospace Supplier,A,South Shore,"1111 Saint-Charles St W Suite 600, Longueuil QC J4K 5G4",500+,Karla Barkley,Mgr Operations/Procurement,,procurement@herouxdevtek.com,Cold Email,Web Research,Landing gear and aerospace components. Major public company.,Not Contacted
Sonaca Montreal,Aerospace Supplier,A,Montreal,"13075 rue Brault, Mirabel QC J7J 0W2",310,,,"(450) 434-6114",sales@sonacamontreal.com,Cold Email,Web Research,Aluminum wing and empennage aerostructures. Belgian group.,Not Contacted
MDA Aerospace,Aerospace Supplier,A,Montreal,"21025 Trans-Canada Hwy, Ste-Anne-de-Bellevue QC H9X 3R2",100+,,,"(514) 457-2150",satellitesystems@mda.space,Cold Email,Web Research,Space technology and aerospace. Major employer.,Not Contacted
Safran Landing Systems,Aerospace Supplier,A,Montreal,"13000 rue du Parc, Mirabel QC",200+,,,"(450) 434-3400",americascsc.sls@safrangroup.com,Cold Email,Web Research,Landing gear systems. Major aerospace employer.,Not Contacted
L3Harris (MAS) Montreal,Aerospace Supplier,A,Montreal,"10000 Helen-Bristol St, Mirabel QC J7N 1H3",200+,,,"(450) 476-4000",Info.Marketing@L3Harris.com,Cold Email,Web Research,Military/aerospace/security. Also 8565 Cote-de-Liesse St-Laurent.,Not Contacted
ThyssenKrupp Aerospace Canada,Aerospace Supplier,A,West Island,"19700 av Clark Graham, Baie-d'Urfe QC H9X 3R8",50,,,"+1 514 782 9500",aerospace.canada@thyssenkrupp-materials.com,Cold Email,Web Research,"125,000 sq ft. Aerospace material supply chain. Serves Bombardier.",Not Contacted
Richelieu Hardware,General Manufacturing,A,Montreal,"7900 Henri Bourassa Blvd W, Saint-Laurent QC H4S 1V4",3000+,Joseph Pastor,Buyer,"(800) 361-6000",info@richelieu.com,Cold Email,Web Research,Hardware manufacturer and distributor. 3000+ staff.,Not Contacted
Spectra Premium Industries,General Manufacturing,A,South Shore,"1421 rue Ampere, Boucherville QC J4B 5Z5",200+,Josh Gordon,President/CEO,"(450) 641-3090",info@spectrapremium.com,Cold Email,Web Research,Automotive parts manufacturer. Metal stamping. Since 1989.,Not Contacted
Groupe Intersand,General Manufacturing,A,South Shore,"90 Bd Marie-Victorin, Boucherville QC J4B 1V6",100+,,,"(450) 449-7070",cv@intersand.com,Cold Email,Web Research,Cat litter/animal hygiene manufacturing. Family business.,Not Contacted
Emballages Mitchel-Lincoln,General Manufacturing,A,Montreal,"3737 Thimens Blvd, Saint-Laurent QC H4R 1V1",219,,,"(514) 332-3480",mlinfo@mitchellincoln.ca,Cold Email,Web Research,Quebec's most productive corrugated packaging manufacturer.,Not Contacted
Wajax (Pointe-aux-Trembles),General Manufacturing,A,Montreal,"12900 Bd Metropolitain E, Pointe-aux-Trembles QC H1A 4A7",50+,,,"(514) 351-8880",info@wajax.com,Cold Email,Web Research,Industrial products/parts/service. National company.,Not Contacted
Matrox Electronic Systems,General Manufacturing,A,West Island,"1055 Bd Saint-Regis, Dorval QC H9P 2T4",591-730,,,"(514) 822-6000",imaging.info@matrox.com,Cold Email,Web Research,Electronics manufacturing. Video/graphics/imaging. Since 1976.,Not Contacted
Premiere Moisson (Plant),General Manufacturing,A,West Island,"19301 av Clark-Graham, Baie-d'Urfe QC H9X 3P5",100+,,,"(514) 787-1252",mdigenova@pmoisson.com,Cold Email,Web Research,"Bakery manufacturing. 100,000 sq ft automated plant.",Not Contacted
Galderma Production Canada,General Manufacturing,A,West Island,"19400 aut Transcanadienne, Baie-d'Urfe QC H9X 3S4",100+,,,"(514) 457-3366",Customer.SERVICE@Galderma.com,Cold Email,Web Research,Pharmaceutical manufacturing. Cetaphil production.,Not Contacted
Cascades (Montreal ops),General Manufacturing,A,Montreal,"Montreal QC H1V 3J4",200+,,,"(514) 251-3800",suppliers@cascades.com,Cold Email,Web Research,Containerboard packaging Montreal plant.,Not Contacted
Saputo (Montreal),General Manufacturing,A,Montreal,"1000 De La Gauchetiere W Suite 2900, Montreal QC H3B 4W5",500+,,,"(514) 328-6662",info@saputo.com,Cold Email,Web Research,Dairy processing. Major manufacturer. Heavy maintenance.,Not Contacted
Groupe Deschenes,General Manufacturing,A,Montreal,"3901 rue Jarry Est, Montreal QC",200+,,,"(514) 374-3110",info@groupedeschenes.com,Cold Email,Web Research,"Distribution and manufacturing. Plumbing, HVAC, PVF.",Not Contacted
Teknion (Montreal),General Manufacturing,A,Montreal,"1190 Av des Canadiens-de-Montreal Suite 1620, Montreal QC H3B 0M7",100+,,,"(514) 875-2630",info.can@teknion.com,Cold Email,Web Research,Office furniture systems. Largest furniture mfr in Canada.,Not Contacted
Nova Bus,General Manufacturing,A,Montreal,"1000 Bd Industriel, Saint-Eustache QC",800+,,,"(438) 350-0454",sales@novabus.com,Cold Email,Web Research,Transit bus manufacturer. Heavy metal fabrication. Volvo subsidiary.,Not Contacted
Agropur (Montreal),General Manufacturing,A,Montreal,"4600 rue Armand-Frappier, Saint-Hubert QC J3Z 1G5",200+,,,,info@agropur.com,Cold Email,Web Research,Dairy processing. HQ St-Hubert. Plants in St-Laurent/Laval/Longueuil.,Not Contacted
Marmen,Metal Fabrication,A,Other,"Trois-Rivieres QC",500+,,,"(819) 379-0443",info@marmeninc.com,Cold Email,Web Research,High precision machining/fabrication. Aerospace/turbines/mining.,Not Contacted
Prevost Car,General Manufacturing,A,Other,"Sainte-Claire QC",500+,,,,prevostcar@volvo.com,Cold Email,Web Research,Bus and motor coach manufacturer. Major metal consumer.,Not Contacted
Soucy Group,General Manufacturing,A,Other,"5450 rue Saint-Roch S, Drummondville QC J2B 6W3",500+,,,"(819) 477-2434",sales-ventes.sbei@soucy-group.com,Cold Email,Web Research,Rubber and metal track systems. Defense and recreation.,Not Contacted
Groupe Lacasse,General Manufacturing,A,Other,"Saint-Pie QC",200+,,,,CustomerService@GroupeLacasse.com,Cold Email,Web Research,Office furniture manufacturer. Metal and wood. Major employer.,Not Contacted
Lassonde Industries,General Manufacturing,A,Other,"755 rue Principale, Rougemont QC J0L 1M0",200+,,,"(450) 469-4926",info@lassonde.com,Cold Email,Web Research,Juice and food processing. Manufacturing equipment buyer.,Not Contacted
Olymel,General Manufacturing,A,Other,"1580 rue Eiffel, Boucherville QC J4B 5Y1",200+,,,"(514) 858-9000",info@olymel.com,Cold Email,Web Research,Meat processing. Major QC processor. Multiple facilities.,Not Contacted
Produits Neptune,General Manufacturing,A,Other,"Sainte-Hyacinthe QC",200+,,,,info@produitsneptune.com,Cold Email,Web Research,Bath products manufacturing. Outside core territory.,Not Contacted
,,,,,,,,,,,,,,
--- Tier A: Phone Outreach Only (5 accounts - no public email) ---,,,,,,,,,,,,,,
Howmet Aerospace (Laval Machining),Aerospace Supplier,A,Laval,"5515 Ernest Cormier, Laval QC H7C 2S9",100+,,,"(450) 786-2001",,Phone Only,Web Research,Titanium and aluminum aerospace. Web form only - no public email.,Not Contacted
Howmet Aerospace (Casting),Aerospace Supplier,A,Laval,"4001 Autoroute des Laurentides, Laval QC H7L 3H7",100+,,,,, Phone Only,Web Research,Aluminum investment casting. Web form only.,Not Contacted
Groupe Canam (Laval),Metal Fabrication,A,Laval,"807 Rue Marshall bureau 100, Laval QC H7S 1J9",100+,Louis Deschenes / Carolyne Perras,Plant Mgr / Corporate Buyer,"(450) 786-1300",,Phone Only,Web Research,Canada's largest steel fabrication. Web form only.,Not Contacted
Mecachrome Canada,Aerospace Supplier,A,Montreal,"11100 rue Julien-Audette, Mirabel QC",100+,,,"(450) 476-0137",,Phone Only,Web Research,High precision aerospace machining. Engine parts. Web form only.,Not Contacted
Precision Castparts (PCC Dorval),Aerospace Supplier,A,West Island,"123 rue Avro, Dorval QC H9P 2Y9",100+,,,"(514) 421-0344",,Phone Only,Web Research,"PCC Aerostructures. 77,000 sq ft. Web form only.",Not Contacted
,,,,,,,,,,,,,,
=== TIER B - MEDIUM PRIORITY (70 accounts) ===,,,,,,,,,,,,,,
,,,,,,,,,,,,,,
--- Tier B: Cold Email Ready (53 accounts) ---,,,,,,,,,,,,,,
Tripar,Metal Fabrication,B,Montreal,"9750 Maurice Duplessis, Montreal QC H1C 1G1",24-27,,,"(514) 648-7471",sales@triparinc.com,Cold Email,Web Research,Est. 1949. Sheet metal stamping and CNC fabrication.,Not Contacted
Pointe-Claire Ironworks,Metal Fabrication,B,West Island,"450 av Lee, Baie-d'Urfe QC H9X 3T3",20-50,,,"(514) 457-9993",info@pciw.ca,Cold Email,Web Research,Est. 1955. Structural steel fabrication and erection.,Not Contacted
HARtech,Machine Shop,B,Montreal,"7300 Ch. St-Francois, Saint-Laurent QC H4S 1B8",20-50,,,"(514) 422-8282",info@har-tech.com,Cold Email,Web Research,Est. 1999. CNC machining and industrial welding.,Not Contacted
Acier Lachine,Metal Distribution/Fab,B,Montreal,"1520 Croissant Claire, Lachine QC H8S 4E6",20-50,,,"(514) 634-2252",info@acierlachine.com,Cold Email,Web Research,"Metal distributor/fabrication. 35,000 sq ft warehouse.",Not Contacted
Acier Century,Metal Distribution/Fab,B,Montreal,"600 rue de la Berge du Canal, Lachine QC H8R 1H4",10-25,,,"(514) 364-1505",info@aciercentury.com,Cold Email,Web Research,"300,000 sq ft. Ferrous/non-ferrous metal recycling.",Not Contacted
Euro Precision,Machine Shop,B,West Island,"Baie-d'Urfe QC",23,,,,info@europrecision.ca,Cold Email,Web Research,AS9100 and ISO 9001. CNC precision. Aerospace/medical.,Not Contacted
Usines SDG,Machine Shop,B,Laval,"3195 Delaunay St, Laval QC H7L 5A4",25-50,,,"(450) 688-3832",info@sdgmachineshop.ca,Cold Email,Web Research,Est. 1970. Precision machining/welding. Pulp/paper/energy.,Not Contacted
Brematech (Avior),Machine Shop,B,West Island,"108 av Nordic, Pointe-Claire QC H9R 3Y2",20-50,,,"(514) 694-9222",info@brematech.com,Cold Email,Web Research,25+ years. 5-axis CNC. Acquired by Avior 2023. Aerospace.,Not Contacted
Precimax,Machine Shop,B,Montreal,"2277 Rue Leger, LaSalle QC H8N 2V7",10-25,Amanda Stefanovic,Director of Sales,"(514) 365-5440",amanda@precimaxltd.com,Cold Email,Web Research,Est. 1974. CNC and conventional machining.,Not Contacted
Les Industries D'Acier Sabec,Metal Fabrication,B,Montreal,"4085 Bd Saint-Jean-Baptiste, Pointe-aux-Trembles QC H1B 5V3",10-25,,,"(514) 645-2359",sleblancsabec@hotmail.com,Cold Email,Web Research,Est. 1986. Cutting/bending/welding. Family business.,Not Contacted
QualicAd,Metal Fabrication,B,Montreal,"3670 rue Jean-Viel, Pointe-aux-Trembles QC H1B 5N3",10-25,,,"(514) 640-1252",info@qualicad.ca,Cold Email,Web Research,Custom steel/stainless/aluminum fabrication.,Not Contacted
Les Boitiers Custom Metal,Metal Fabrication,B,Montreal,"7880 Rte Transcanadienne, Saint-Laurent QC H4T 1A5",10-25,,,"(514) 738-2442",info@custom-metalinc.com,Cold Email,Web Research,Sheet metal. Electrical boxes. Laser cutting/bending/welding.,Not Contacted
Atelier Gris,Metal Fabrication,B,Montreal,"Saint-Henri, Montreal QC",5-15,,,"(514) 846-8141",info@ateliergris.com,Cold Email,Web Research,Custom welding and steel furniture/architectural metalwork.,Not Contacted
FAMET Inc,Machine Shop,B,South Shore,"Saint-Lambert QC",10-25,,,,soumission@atelier-usinage-famet.com,Cold Email,Web Research,ISO 9001. CNC and conventional machining. 25+ years.,Not Contacted
Usinage Techno Precision,Machine Shop,B,South Shore,"South Shore QC",10-25,,,,technoprecision@videotron.ca,Cold Email,Web Research,30+ years. High precision CNC machining.,Not Contacted
G.M. Precision,Machine Shop,B,Other,"721-E Ch Grand Bernier Nord, Saint-Jean-sur-Richelieu QC J3B 8H6",10-25,,,"(450) 741-1610",info@gmprecision.ca,Cold Email,Web Research,High precision machining. High volume parts.,Not Contacted
Machinage Gagne,Machine Shop,B,Other,"790 Bd Industriel, Granby QC J2G 9J5",18,,,,info@machinagegagne.ca,Cold Email,Web Research,Est. 1939. CNC machining/welding.,Not Contacted
St-Hubert Machine Shop,Machine Shop,B,South Shore,"4640 Ave Thibault, St-Hubert QC J3Y 0A8",10-25,Cosmo Barile,,,cbarile@st-hubertms.com,Cold Email,Web Research,Est. 1979. Line boring/welding/machining. Gear repairs.,Not Contacted
Acier AGF (Longueuil),Metal Fabrication,B,South Shore,"2270 rue Garneau, Longueuil QC J4G 1E7",20-50,,,"(450) 442-9494",communication@agfgroup.com,Cold Email,Web Research,Rebar fabrication and post-tensioning. AGF Group HQ.,Not Contacted
Acier Picard (Groupe Picard),Metal Distribution/Fab,B,South Shore,"1951 ch de l'Energie, Varennes QC J3X 1P7",10-25,,,"(450) 652-7000",info@groupepicard.ca,Cold Email,Web Research,Steel and aluminum distributor.,Not Contacted
Imperial Metal Services,Metal Distribution/Fab,B,Montreal,"5101 Rue Buchan, Montreal QC H4P 1S4",20-50,,,,info@imperialms.ca,Cold Email,Web Research,Flat rolled carbon steel distribution.,Not Contacted
Cold Metal Products (Pointe-Claire),Metal Fabrication,B,West Island,"71 Bd Hymus, Pointe-Claire QC H9R 1E2",20-50,,,,info@imperialms.ca,Cold Email,Web Research,Steel fabrication. Now Imperial Metal Services.,Not Contacted
Acier Vulcan,Metal Distribution/Fab,B,Montreal,"2865 Rue de Miniac, Saint-Laurent QC",10-25,,,"(514) 659-8852",info@aciervulcan.com,Cold Email,Web Research,Steel supplier and delivery in Montreal.,Not Contacted
Crown Metal Packaging Canada,General Manufacturing,B,Montreal,"5789 Rue Cypihot, Saint-Laurent QC H4S 1R3",50+,Mark Ketcheson,VP Sales,"(514) 956-8900",mark.ketcheson@crowncork.com,Cold Email,Web Research,Metal packaging manufacturer.,Not Contacted
Ropack Inc,General Manufacturing,B,Montreal,"10801 Mirabeau, Montreal QC H1J 1T7",350+,,,"(514) 353-7000",info@ropack.com,Cold Email,Web Research,Pharma contract packaging. 4 facilities. Est. 1976.,Not Contacted
Dyne-a-pak Inc,General Manufacturing,B,Laval,"3375 Francis-Hughes, Laval QC H7L 5A5",50+,,,"(450) 667-3626",CAQCLAV-info@proampac.com,Cold Email,Web Research,Foam trays for food. Division of ProAmpac.,Not Contacted
Ampak Group,General Manufacturing,B,Laval,"4225 Autoroute des Laurentides, Laval QC H7L 5W5",20-50,,,"(450) 682-2031",sales@ampak.ca,Cold Email,Web Research,60+ years. Bottles/jars/packaging.,Not Contacted
United Bottles and Packaging,General Manufacturing,B,Laval,"1400 Bd Dagenais O, Laval QC H7L 5C7",20-50,,,"(450) 622-1600",info@unitedbottles.com,Cold Email,Web Research,Glass bottle provider.,Not Contacted
Induspac Inc,General Manufacturing,B,South Shore,"140 de l'Industrie Bd, Candiac QC J5R 1J2",50+,,,"(450) 444-4884",info@induspac.ca,Cold Email,Web Research,Custom industrial packaging.,Not Contacted
Co-Pak Packaging Corporation,General Manufacturing,B,Montreal,"Montreal QC",20-50,,,,info@co-pak.com,Cold Email,Web Research,Contract packaging services.,Not Contacted
Plasti-World Products,General Manufacturing,B,Montreal,"4420 Bd Poirier, Saint-Laurent QC",20-50,,,,info@plasti-world.com,Cold Email,Web Research,Plastic injection moulding. 40+ years.,Not Contacted
IPL Plastics (Montreal),General Manufacturing,B,Montreal,"1155 Bd Rene-Levesque O Suite 4100, Montreal QC H3B 3V2",50+,,,,info@gestion-usd.com,Cold Email,Web Research,Injection-molded plastic products.,Not Contacted
Meloche Group,Metal Fabrication,B,Montreal,"Montreal QC H1E 6J8",20-50,,,"(514) 648-5423",info@melocheinc.com,Cold Email,Web Research,Metal fabrication. Also Beauharnois/Hemmingford.,Not Contacted
KAR Industrial (MSC),Metal Distribution/Fab,B,West Island,"100 Av Columbus, Pointe-Claire QC H9R 4K4",40-50,,,"(514) 694-4711",monorders@kar.ca,Cold Email,Web Research,Machine tool accessories. Acquired by MSC 2024.,Not Contacted
Demers Ambulances,General Manufacturing,B,South Shore,"28 rue Richelieu, Beloeil QC J3G 4N5",100+,,,"(450) 467-4683",info@demers-ambulances.com,Cold Email,Web Research,Emergency vehicle manufacturer.,Not Contacted
Dor-Val Manufacturing,General Manufacturing,B,Montreal,"11800 Bd Laurentien, Saint-Laurent QC H4K 2E1",24,,,"(514) 336-7780",info@dor-val.com,Cold Email,Web Research,Commercial furniture for healthcare/hospitality.,Not Contacted
Turbinaire Inc,General Manufacturing,B,West Island,"9341 Cte de Liesse, Dorval QC H9P 2N9",10-25,,,"(514) 828-5006",info@turbinaire.com,Cold Email,Web Research,HVLP paint spray systems manufacturer.,Not Contacted
Eglo Canada,General Manufacturing,B,West Island,"20700 Route Transcanadienne, Baie-d'Urfe QC H9X 4B7",20-50,,,"(514) 457-5483",info-canada@eglo.com,Cold Email,Web Research,Lighting fixture manufacturer.,Not Contacted
Raufoss Automotive Components,General Manufacturing,B,Laval,"4050 rue Lavoisier, Boisbriand QC J7H 1R4",20-50,,,"(450) 419-4911",info.can@raufosstechnology.com,Cold Email,Web Research,Aluminum forged chassis components.,Not Contacted
Thermetco,General Manufacturing,B,Montreal,"217 bd Industriel, Chateauguay QC",51-200,,,"(514) 934-4684",traitements@thermetco.com,Cold Email,Web Research,Heat treating services. Metals processing.,Not Contacted
Junise Plastics,General Manufacturing,B,Laval,"4001 Bd Industriel, Laval QC H7L 4S3",20-50,,,"(514) 858-7777",info@junise.com,Cold Email,Web Research,Polyethylene/polypropylene films. Est. 1982.,Not Contacted
Camex Machinery,Machine Shop,B,Montreal,"5445 Henri Bourassa, Montreal QC",10-25,,,"(514) 613-1955",info@camexmachinery.com,Cold Email,Web Research,CNC machine distributor. Since 2009.,Not Contacted
Megatel CNC Solutions,Machine Shop,B,West Island,"315 Avro Ave, Pointe-Claire QC H9R 5W3",10-25,,,"(514) 333-0717",info@megatelcnc.com,Cold Email,Web Research,CNC machine sales and support.,Not Contacted
Pointe-Claire Steel (Imperial Metal),Metal Distribution/Fab,B,West Island,"71 Bd Hymus, Pointe-Claire QC H9R 1E2",20-50,,,"(800) 838-6199",info@imperialms.ca,Cold Email,Web Research,"Flat rolled carbon steel. 35,000 ton capacity.",Not Contacted
FabriMax,Metal Fabrication,B,Other,"250 Rue Industrielle, Saint-Roch-de-l'Achigan QC",10-25,,,"(514) 836-1209",info@fabrimax.ca,Cold Email,Web Research,Metal fabrication services.,Not Contacted
Aktuel / OLIXFAB,General Manufacturing,B,Montreal,"Montreal QC",10-25,,,,info@aktuel.ca,Cold Email,Web Research,Woodworking and metalwork. Custom furniture.,Not Contacted
Boisseries GMS,General Manufacturing,B,Laval,"Laval/Montreal QC",10-25,,,,info@boiseriesgms.ca,Cold Email,Web Research,Custom woodworking and furniture.,Not Contacted
Boiseries Raymond,General Manufacturing,B,Montreal,"Montreal QC",10-25,,,,soumissionmultilogement@boiseriesraymond.com,Cold Email,Web Research,Custom woodworking. Multi-unit quote email.,Not Contacted
Metaltek,Metal Fabrication,B,Other,"147 Ch des Commissaires, L'Assomption QC J5W 2T6",10-25,,,"(450) 589-8900",info@metaltek.ca,Cold Email,Web Research,Metal fabrication. L'Assomption near Montreal.,Not Contacted
Metaltech-Omega,General Manufacturing,B,Laval,"1735 St. Elzear Blvd W, Laval QC H7L 3N6",10-25,,,"(450) 681-6440",customerservice@metaltech.co,Cold Email,Web Research,Scaffolding and access equipment manufacturer.,Not Contacted
Usinage Laurentides,Machine Shop,B,Other,"1258 Avenue De La Gare, Mascouche QC J7K 2Z2",10-25,,,,ul@usinagelaurentides.com,Cold Email,Web Research,30+ years. Complex metal part machining.,Not Contacted
Graphie,Metal Fabrication,B,Other,"La Pocatiere QC",10-25,,,,admin@graphie.ca,Cold Email,Web Research,Metal engraving. Based in La Pocatiere.,Not Contacted
,,,,,,,,,,,,,,
--- Tier B: Cold Email Ready - Outside Core Territory (8 accounts) ---,,,,,,,,,,,,,,
Quero Metal,Metal Fabrication,B,Other,"830 rue de l'Eglise, Saint-Romuald QC G6W 5M6",50,,,,estimation@querometal.com,Cold Email,Web Research,Structural steel fabrication. $10-25M revenue.,Not Contacted
Omnifab Inc,Metal Fabrication,B,Other,"351 av Dalcourt, Louiseville QC J5V 1A6",20-50,,,,omnifab@omnifab.ca,Cold Email,Web Research,Custom industrial mechanical solutions.,Not Contacted
Fabspec,Metal Fabrication,B,Other,"Sorel-Tracy QC J3P 5N6",10-25,,,"(450) 742-0451",info@fabspec.ca,Cold Email,Web Research,Custom metal fabrication since 1974.,Not Contacted
Lev-Fab,Metal Fabrication,B,Other,"640 Bd Mgr-Dubois, Saint-Jerome QC J7Y 3L8",50,,,,info@groupelevfab.com,Cold Email,Web Research,"Aerospace/industrial/transport. 40,000 sq ft.",Not Contacted
Simco Technologies,General Manufacturing,B,Other,"2666 Bd du Parc-Technologique Suite 100, Quebec QC G1P 4S6",20-50,,,"(418) 656-1003",info@simcotechnologies.com,Cold Email,Web Research,Concrete durability engineering. Quebec City.,Not Contacted
Bain Ultra,General Manufacturing,B,Other,"956 ch Olivier, Levis QC G7A 2N1",50+,,,,info@bainultra.com,Cold Email,Web Research,Therapeutic bath manufacturer. Levis.,Not Contacted
APN Inc (Schivo),General Manufacturing,B,Other,"2659 Bd du Parc Technologique, Quebec QC G1P 4S5",20-50,,,"(418) 266-1247",info@apnglobal.com,Cold Email,Web Research,Aerospace/defense parts. Quebec City.,Not Contacted
Gelpac (ProAmpac),General Manufacturing,B,Other,"400 Henri-Bourassa St, Marieville QC J3M 1R9",50+,,,,info@gelpac.com,Cold Email,Web Research,Flexible packaging. ProAmpac subsidiary.,Not Contacted
,,,,,,,,,,,,,,
--- Tier B: Phone Outreach Only (4 accounts) ---,,,,,,,,,,,,,,
Haworth (Montreal),General Manufacturing,B,Montreal,"Montreal QC H2Y 2G1",50+,,,"(514) 625-6448",,Phone Only,Web Research,Office furniture. Dealer is CIME Decor Inc.,Not Contacted
Lamiver Inc,General Manufacturing,B,Montreal,"3805 Dollard-Desjardins St, Pointe-aux-Trembles QC",10-25,,,,, Phone Only,Web Research,Laminated safety glass. Phone: (514) 640-6490.,Not Contacted
Industries Perron,General Manufacturing,B,Other,"525 rue de l'Aviation, Trois-Rivieres QC G8T 5M4",20-50,,,"(819) 691-3232",,Phone Only,Web Research,Wood/plastics/composites furniture. Trois-Rivieres.,Not Contacted
St-Laurent Metal Works,Metal Fabrication,B,Montreal,"9180 Bd St Laurent, Montreal QC",10-25,,,,, Phone Only,Web Research,Metal fabrication. May be closed - verify before contacting.,Not Contacted
,,,,,,,,,,,,,,
--- Tier B: Unverified - Needs Research (5 accounts) ---,,,,,,,,,,,,,,
Action Stainless,Metal Fabrication,B,Montreal,"Montreal QC",10-25,,,,, Needs Research,Web Research,May be Texas company only. No Montreal location verified.,Not Contacted
Les Aciers Soleil,Metal Distribution/Fab,B,Montreal,"Montreal QC",10-25,,,,, Needs Research,Web Research,No online presence found. Verify existence.,Not Contacted
Precision Metal Group,Machine Shop,B,Montreal,"Montreal QC",10-25,,,,, Needs Research,Web Research,Only found in Australia. No Montreal company verified.,Not Contacted
Concept Metal,Metal Fabrication,B,Laval,"Laval QC",10-25,,,,, Needs Research,Web Research,No matching company found in Laval.,Not Contacted
Produits Metalliques PMR,Metal Fabrication,B,Laval,"Laval QC",10-25,,,,, Needs Research,Web Research,Closest match is in Montmagny region not Laval.,Not Contacted
ProTech Enclosures,Metal Fabrication,B,Montreal,"Montreal QC",10-25,,,,, Needs Research,Web Research,No exact match in Montreal found.,Not Contacted
Solutions Industrielles Promax,General Manufacturing,B,Montreal,"Montreal QC",10-25,,,,, Needs Research,Web Research,No company by this name found in Montreal.,Not Contacted
La Metallerie,Metal Fabrication,B,Montreal,"Montreal QC",10-25,,,,, Needs Research,Web Research,No website or contact info found.,Not Contacted
,,,,,,,,,,,,,,
=== TIER C - SMALL/LOCAL ACCOUNTS (39 accounts) ===,,,,,,,,,,,,,,
,,,,,,,,,,,,,,
--- Tier C: Cold Email Ready (10 accounts) ---,,,,,,,,,,,,,,
Innova Precision,Machine Shop,C,Montreal,"11415 54e Ave, Montreal QC H1E 2H9",1-10,,,"(514) 648-2716",info@innovaprecision.com,Cold Email,Web Research,CNC and conventional machining.,Not Contacted
Locus Precision,Machine Shop,C,Montreal,"11352 Blvd Armand-Bombardier, Montreal QC H1E 3B1",1-5,,,"(514) 352-2050",info@locusprecision.com,Cold Email,Web Research,CNC machining. Precision parts.,Not Contacted
Andros Gears,Machine Shop,C,Laval,"1406 Rue Berlier, Laval QC H7L 4A1",5-10,,,"(450) 686-2403",info@androsgears.com,Cold Email,Web Research,Custom gears/gearboxes since 1989.,Not Contacted
Numerax Inc,Machine Shop,C,South Shore,"822 Guimond Ste 202, Longueuil QC",5-10,,,"(450) 679-9822",info@numerax.ca,Cold Email,Web Research,CNC machine tool repair/retrofit since 1995.,Not Contacted
Soudure Rene Thibault,Metal Fabrication,C,Montreal,"2125 Theodore Rue, Montreal QC",3-5,,,"(514) 251-9488",info@groupeabm.com,Cold Email,Web Research,45+ years. Custom welding/fabrication.,Not Contacted
Atelier Aubin,Metal Fabrication,C,Montreal,"1150 Dupuis, Verdun QC",3-10,,,"(514) 373-5002",info@atelieraubin.com,Cold Email,Web Research,Welding. Steel/aluminum/copper.,Not Contacted
Lanka Metals,General Manufacturing,C,Montreal,"8401 Bd Ray Lawson, Anjou QC",5-15,,,"(514) 533-0250",kiri@lankametals.com,Cold Email,Web Research,Electrostatic powder paint application.,Not Contacted
Decoubois Laval,General Manufacturing,C,Laval,"Laval QC",5-15,,,"(450) 665-8868",info@decoubois.ca,Cold Email,Web Research,CNC cutting and laser engraving. Since 2007.,Not Contacted
Albert Davidson Industries (ADI),General Manufacturing,C,Laval,"Laval QC",5-15,,,,, Phone Only,Web Research,Contract manufacturing. Laval area.,Not Contacted
Geotech Precision,Machine Shop,C,Montreal,"3200 Rue Sartelon, Saint-Laurent QC H4R 1E3",3-8,,,"(514) 335-3325",,Phone Only,Web Research,CNC precision milling and lathe.,Not Contacted
,,,,,,,,,,,,,,
--- Tier C: Phone Outreach Only (3 accounts) ---,,,,,,,,,,,,,,
Outillages Lorifil,Machine Shop,C,Montreal,"8853 rue Champ d'Eau, Saint-Leonard QC H1P 3A6",5-10,,,"(514) 327-2245",,Phone Only,Web Research,Precision metal machining and quality tooling.,Not Contacted
,,,,,,,,,,,,,,
--- Tier C: Minimal Info - Visit/Cold Call Targets (28 accounts) ---,,,,,,,,,,,,,,
Soudure Royale,Metal Fabrication,C,Laval,"Laval QC",3-10,,,,, Visit/Call,Web Research,Mobile welding. 7-day availability.,Not Contacted
Gagne-Belval Metal,Metal Fabrication,C,Montreal,"Montreal-Est QC",5-15,,,,, Visit/Call,Web Research,Metal manufacturing specialist east Montreal.,Not Contacted
BH Metal,Metal Fabrication,C,Montreal,"Montreal QC",5-15,,,,, Visit/Call,Web Research,Metal fabrication services.,Not Contacted
Art et Metaux Polissage Placage,Metal Fabrication,C,Montreal,"Montreal QC",5-10,,,,, Visit/Call,Web Research,Metal polishing and plating services.,Not Contacted
Lavergne's Welding,Metal Fabrication,C,Montreal,"Montreal QC",3-10,,,,, Visit/Call,Web Research,Welding services.,Not Contacted
Soudure Laval,Metal Fabrication,C,Laval,"Laval QC",5-15,,,,, Visit/Call,Web Research,20+ years welding. Multiple sectors.,Not Contacted
Soudure Metalco,Metal Fabrication,C,Laval,"Laurentides/Laval QC",5-15,,,,, Visit/Call,Web Research,Welding services. Laval/Montreal.,Not Contacted
Soudure Pro,Metal Fabrication,C,South Shore,"Longueuil QC",5-10,,,,, Visit/Call,Web Research,TIG and MIG welding.,Not Contacted
Soudure LL Inc,Metal Fabrication,C,South Shore,"South Shore QC",5-10,,,,, Visit/Call,Web Research,Welding services. South Shore.,Not Contacted
Soudure Yvon Brosseau,Metal Fabrication,C,South Shore,"Longueuil area QC",3-10,,,,, Visit/Call,Web Research,Welding services. Saint-Hubert/Longueuil.,Not Contacted
Transforme Metal Enr,Metal Fabrication,C,South Shore,"Longueuil area QC",3-10,,,,, Visit/Call,Web Research,Metal transformation. Saint-Hubert/Longueuil.,Not Contacted
Soudures London Inc,Metal Fabrication,C,South Shore,"Longueuil area QC",3-10,,,,, Visit/Call,Web Research,Welding services. Saint-Hubert/Longueuil.,Not Contacted
Lafleche Ornemental,Metal Fabrication,C,South Shore,"Longueuil area QC",3-10,,,,, Visit/Call,Web Research,Ornamental metalwork. Longueuil.,Not Contacted
Solution Soudure,Metal Fabrication,C,Montreal,"Montreal QC",5-10,,,,, Visit/Call,Web Research,Welding services. Montreal.,Not Contacted
MCR Soudure,Metal Fabrication,C,Laval,"Laval QC",3-10,,,,, Visit/Call,Web Research,Welding services. Laval.,Not Contacted
Pro-Metal Plus,Metal Fabrication,C,Montreal,"Montreal QC",5-10,,,,, Visit/Call,Web Research,Industrial welding and maintenance.,Not Contacted
Recyborg,Metal Fabrication,C,Montreal,"Montreal QC",5-10,,,,, Visit/Call,Web Research,Welding and repair workshop.,Not Contacted
Soudure Mobile Montreal,Metal Fabrication,C,Montreal,"Montreal QC",3-10,,,,, Visit/Call,Web Research,On-site mobile welding.,Not Contacted
Soudure Mobile Laval,Metal Fabrication,C,Laval,"Laval QC",3-10,,,,, Visit/Call,Web Research,Mobile welding. Laval.,Not Contacted
Usinage CNC Montreal,Machine Shop,C,Montreal,"Montreal QC",5-10,,,,, Visit/Call,Web Research,CNC machining services.,Not Contacted
Speedy Metals Quebec,Metal Distribution/Fab,C,Montreal,"Montreal QC",5-10,,,,, Visit/Call,Web Research,Metal supply and distribution.,Not Contacted
Westeel Things,Metal Fabrication,C,Montreal,"Montreal QC",5-10,,,,, Visit/Call,Web Research,Steel and metal fabrication.,Not Contacted
Hatch Metalworks,Metal Fabrication,C,Montreal,"Montreal QC",5-10,,,,, Visit/Call,Web Research,Custom metalwork. Architectural.,Not Contacted
Soudure J.R.,Metal Fabrication,C,Montreal,"Montreal QC",3-10,,,,, Visit/Call,Web Research,Welding services.,Not Contacted
Atelier de Soudure Montreal,Metal Fabrication,C,Montreal,"Montreal QC",3-10,,,,, Visit/Call,Web Research,Welding workshop.,Not Contacted
Fabrique de Montreal,Metal Fabrication,C,Montreal,"Montreal QC",5-10,,,,, Visit/Call,Web Research,Metal fabrication.,Not Contacted
Mecanique Industrielle BML,Machine Shop,C,South Shore,"South Shore QC",5-10,,,,, Visit/Call,Web Research,Industrial machining. South Shore.,Not Contacted
Usinage Filiatrault,Machine Shop,C,Laval,"Laval QC",5-10,,,,, Visit/Call,Web Research,CNC machining. Laval.,Not Contacted
Usinage Pro-Max,Machine Shop,C,Laval,"Laval QC",5-10,,,,, Visit/Call,Web Research,CNC machining. Laval.,Not Contacted
Atelier d'Usinage J.P.,Machine Shop,C,Laval,"Laval QC",3-10,,,,, Visit/Call,Web Research,Machining workshop. Laval.,Not Contacted